frase,situacao
Estou com um leve incômodo nas costas depois de passar muito tempo sentado.,baixo risco
Estou um pouco cansado depois de uma noite mal dormida.,baixo risco
Tenho uma dor muscular leve no ombro desde ontem.,baixo risco
Estou com uma dor de cabeça leve desde a manhã.,baixo risco
Sinto um pequeno desconforto nas pernas depois de caminhar bastante.,baixo risco
Estou com cansaço leve após um dia intenso de trabalho.,baixo risco
Tenho uma dor muscular nas costas depois de carregar uma caixa.,baixo risco
Sinto um desconforto leve no pescoço ao movimentar a cabeça.,baixo risco
Estou com uma leve dor no braço depois de fazer exercícios.,baixo risco
Tenho um pequeno desconforto abdominal desde o almoço.,baixo risco
Sinto apenas uma dor muscular leve depois da academia.,baixo risco
Estou cansado porque dormi poucas horas esta noite.,baixo risco
Tenho uma dor de cabeça leve que melhora quando descanso.,baixo risco
Sinto um leve incômodo nas costas quando fico muito tempo sentado.,baixo risco
Estou com uma tensão muscular no pescoço há dois dias.,baixo risco
Tenho um desconforto leve na panturrilha depois de caminhar.,baixo risco
"Estou um pouco indisposto, mas consigo realizar minhas atividades normalmente.",baixo risco
Sinto uma dor muscular leve no peito depois de fazer exercícios de musculação.,baixo risco
Tenho um incômodo leve no ombro ao levantar o braço.,baixo risco
Estou com uma dor de cabeça passageira sem outros sintomas.,baixo risco
"Estou cansado após uma viagem longa, mas não tenho falta de ar.",baixo risco
Tenho uma pequena dor muscular na perna depois de correr.,baixo risco
Sinto apenas um desconforto leve na região das costas.,baixo risco
Estou com fadiga leve depois de um dia de trabalho.,baixo risco
Tenho uma dor muscular no braço desde o treino de ontem.,baixo risco
Estou com um leve incômodo na lombar que melhora ao mudar de posição.,baixo risco
Tenho uma dor de cabeça leve e consigo continuar minha rotina.,baixo risco
Sinto um pequeno desconforto no joelho depois de caminhar.,baixo risco
Estou com tensão muscular nos ombros depois de trabalhar no computador.,baixo risco
Tenho um cansaço leve que melhora depois de descansar.,baixo risco
Estou sentindo uma dor forte no peito acompanhada de falta de ar.,alto risco
Tenho uma pressão intensa no peito e estou com suor frio.,alto risco
Sinto dor no peito que se espalha para o braço esquerdo.,alto risco
Estou com dor no peito e náusea depois de subir escadas.,alto risco
Tenho falta de ar intensa e sensação de desmaio.,alto risco
Meu coração está muito acelerado e sinto tontura e fraqueza.,alto risco
Estou com palpitações fortes e batimentos irregulares acompanhados de falta de ar.,alto risco
Sinto uma pressão no peito que piora quando faço esforço.,alto risco
Tenho dor intensa no peito acompanhada de suor frio e náusea.,alto risco
Estou com falta de ar importante e não consigo deitar sem vários travesseiros.,alto risco
Minhas pernas estão muito inchadas e estou com falta de ar aos esforços.,alto risco
Sinto dor no peito que vai para a mandíbula e estou suando frio.,alto risco
"Estou com palpitações, tontura e sensação de que vou desmaiar.",alto risco
Tenho dificuldade intensa para respirar e uma pressão no peito.,alto risco
Estou com dor no peito durante esforço físico e ela melhora quando paro.,alto risco
"Sinto batimentos irregulares, falta de ar e fraqueza intensa.",alto risco
Estou acordando durante a noite com falta de ar.,alto risco
"Tenho inchaço nas pernas, cansaço intenso e dificuldade para respirar ao caminhar.",alto risco
"Sinto dor forte no peito, falta de ar e náusea há algumas horas.",alto risco
"Estou com coração acelerado, dor no peito e sensação de desmaio.",alto risco
Tenho suor frio junto com uma pressão forte no centro do peito.,alto risco
Estou com falta de ar ao subir poucos degraus e forte cansaço.,alto risco
Sinto uma dor no peito que se irradia para o braço esquerdo.,alto risco
Tenho palpitações intensas acompanhadas de tontura.,alto risco
Estou com falta de ar ao deitar e meus tornozelos estão inchados.,alto risco
"Sinto aperto no peito, suor frio e fraqueza.",alto risco
Tenho dor no peito com falta de ar durante uma caminhada.,alto risco
Estou com batimentos descompassados e quase desmaiei.,alto risco
Tenho pressão intensa no peito acompanhada de dor na mandíbula.,alto risco
"Estou com falta de ar intensa, palpitações e tontura.",alto risco
"Sinto uma pressão leve no peito que aparece e passa rápido, sem outros sintomas.",médio risco
De vez em quando percebo o coração bater um pouco mais rápido por alguns segundos.,médio risco
"Tenho uma dor leve no peito que aumenta um pouco ao subir escadas, mas melhora com o repouso.",médio risco
Fico com uma falta de ar discreta quando faço um esforço maior que o habitual.,médio risco
"Tenho notado um cansaço incomum nas últimas semanas, junto com um leve desconforto no peito.",médio risco
"Senti uma tontura passageira ao me levantar rápido, acompanhada de um leve aperto no peito.",médio risco
"Tenho um desconforto leve no peito que vem e volta, principalmente à tarde.",médio risco
Às vezes sinto uma palpitação rápida que dura poucos segundos e desaparece sozinha.,médio risco
"Tenho sentido o coração acelerar brevemente em alguns momentos do dia, sem outro sintoma junto.",médio risco
"Senti um aperto leve no peito durante o exercício, mas consegui continuar a atividade.",médio risco
"Tenho uma sensação ocasional de peito pesado, que melhora depois de alguns minutos.",médio risco
Notei que minha respiração fica um pouco mais pesada ao subir dois ou três lances de escada.,médio risco
"Tive um episódio rápido de coração acelerado assistindo TV, que passou sozinho em poucos minutos.",médio risco
"Sinto um desconforto leve no peito ao deitar, mas que não piora com o tempo.",médio risco
"Tenho sentido uma palpitação leve e esporádica, sem dor associada.",médio risco
"Senti uma pontada leve no peito ao respirar fundo, que não voltou depois.",médio risco
Às vezes sinto uma tontura rápida ao ficar muito tempo em pé.,médio risco
"Tenho notado um leve inchaço nos tornozelos ao final do dia, só isso.",médio risco
"Sinto o coração bater de forma diferente por alguns instantes, bem leve.",médio risco
Tenho uma leve opressão no peito que surge em momentos de estresse e passa rápido.,médio risco
Percebi um cansaço moderado ao subir escadas que antes eu fazia sem dificuldade.,médio risco
"Sinto o peito um pouco pesado nas últimas tardes, sem outro sintoma relevante.",médio risco
"Tive uma sensação breve de falta de ar ao correr, que passou ao parar.",médio risco
Tenho sentido palpitações leves e esporádicas ao longo do dia.,médio risco
Senti um leve desconforto torácico que durou poucos minutos pela manhã.,médio risco
