id_paciente,idade_anos,sexo,tipo_dor_peito,pressao_sistolica_repouso_mmHg,colesterol_mg_dL,glicemia_jejum_acima_120,ecg_repouso,frequencia_cardiaca_max_bpm,angina_exercicio,depressao_ST,inclinacao_ST,doenca_cardiaca
1,40.0,Masculino,Angina atípica,140.0,289.0,Não,0.0,172.0,Não,0.0,1.0,Não
2,49.0,Feminino,Dor não anginosa,160.0,180.0,Não,0.0,156.0,Não,1.0,2.0,Sim
3,37.0,Masculino,Angina atípica,130.0,283.0,Não,1.0,98.0,Não,0.0,1.0,Não
4,48.0,Feminino,Assintomático,138.0,214.0,Não,0.0,108.0,Sim,1.5,2.0,Sim
5,54.0,Masculino,Dor não anginosa,150.0,195.0,Não,0.0,122.0,Não,0.0,1.0,Não
6,39.0,Masculino,Dor não anginosa,120.0,339.0,Não,0.0,170.0,Não,0.0,1.0,Não
7,45.0,Feminino,Angina atípica,130.0,237.0,Não,0.0,170.0,Não,0.0,1.0,Não
8,54.0,Masculino,Angina atípica,110.0,208.0,Não,0.0,142.0,Não,0.0,1.0,Não
9,37.0,Masculino,Assintomático,140.0,207.0,Não,0.0,130.0,Sim,1.5,2.0,Sim
10,48.0,Feminino,Angina atípica,120.0,284.0,Não,0.0,120.0,Não,0.0,1.0,Não
11,37.0,Feminino,Dor não anginosa,130.0,211.0,Não,0.0,142.0,Não,0.0,1.0,Não
12,58.0,Masculino,Angina atípica,136.0,164.0,Não,1.0,99.0,Sim,2.0,2.0,Sim
13,39.0,Masculino,Angina atípica,120.0,204.0,Não,0.0,145.0,Não,0.0,1.0,Não
14,49.0,Masculino,Assintomático,140.0,234.0,Não,0.0,140.0,Sim,1.0,2.0,Sim
15,42.0,Feminino,Dor não anginosa,115.0,211.0,Não,1.0,137.0,Não,0.0,1.0,Não
16,54.0,Feminino,Angina atípica,120.0,273.0,Não,0.0,150.0,Não,1.5,2.0,Não
17,38.0,Masculino,Assintomático,110.0,196.0,Não,0.0,166.0,Não,0.0,2.0,Sim
18,43.0,Feminino,Angina atípica,120.0,201.0,Não,0.0,165.0,Não,0.0,1.0,Não
19,60.0,Masculino,Assintomático,100.0,248.0,Não,0.0,125.0,Não,1.0,2.0,Sim
20,36.0,Masculino,Angina atípica,120.0,267.0,Não,0.0,160.0,Não,3.0,2.0,Sim
21,43.0,Feminino,Angina típica,100.0,223.0,Não,0.0,142.0,Não,0.0,1.0,Não
22,44.0,Masculino,Angina atípica,120.0,184.0,Não,0.0,142.0,Não,1.0,2.0,Não
23,49.0,Feminino,Angina atípica,124.0,201.0,Não,0.0,164.0,Não,0.0,1.0,Não
24,44.0,Masculino,Angina atípica,150.0,288.0,Não,0.0,150.0,Sim,3.0,2.0,Sim
25,40.0,Masculino,Dor não anginosa,130.0,215.0,Não,0.0,138.0,Não,0.0,1.0,Não
26,36.0,Masculino,Dor não anginosa,130.0,209.0,Não,0.0,178.0,Não,0.0,1.0,Não
27,53.0,Masculino,Assintomático,124.0,260.0,Não,1.0,112.0,Sim,3.0,2.0,Não
28,52.0,Masculino,Angina atípica,120.0,284.0,Não,0.0,118.0,Não,0.0,1.0,Não
29,53.0,Feminino,Angina atípica,113.0,468.0,Não,0.0,127.0,Não,0.0,1.0,Não
30,51.0,Masculino,Angina atípica,125.0,188.0,Não,0.0,145.0,Não,0.0,1.0,Não
31,53.0,Masculino,Dor não anginosa,145.0,518.0,Não,0.0,130.0,Não,0.0,2.0,Sim
32,56.0,Masculino,Dor não anginosa,130.0,167.0,Não,0.0,114.0,Não,0.0,1.0,Não
33,54.0,Masculino,Assintomático,125.0,224.0,Não,0.0,122.0,Não,2.0,2.0,Sim
34,41.0,Masculino,Assintomático,130.0,172.0,Não,1.0,130.0,Não,2.0,2.0,Sim
35,43.0,Feminino,Angina atípica,150.0,186.0,Não,0.0,154.0,Não,0.0,1.0,Não
36,32.0,Masculino,Angina atípica,125.0,254.0,Não,0.0,155.0,Não,0.0,1.0,Não
37,65.0,Masculino,Assintomático,140.0,306.0,Sim,0.0,87.0,Sim,1.5,2.0,Sim
38,41.0,Feminino,Angina atípica,110.0,250.0,Não,1.0,142.0,Não,0.0,1.0,Não
39,48.0,Feminino,Angina atípica,120.0,177.0,Sim,1.0,148.0,Não,0.0,1.0,Não
40,48.0,Feminino,Assintomático,150.0,227.0,Não,0.0,130.0,Sim,1.0,2.0,Não
41,54.0,Feminino,Angina atípica,150.0,230.0,Não,0.0,130.0,Não,0.0,1.0,Não
42,54.0,Feminino,Dor não anginosa,130.0,294.0,Não,1.0,100.0,Sim,0.0,2.0,Sim
43,35.0,Masculino,Angina atípica,150.0,264.0,Não,0.0,168.0,Não,0.0,1.0,Não
44,52.0,Masculino,Dor não anginosa,140.0,259.0,Não,1.0,170.0,Não,0.0,1.0,Não
45,43.0,Masculino,Assintomático,120.0,175.0,Não,0.0,120.0,Sim,1.0,2.0,Sim
46,59.0,Masculino,Dor não anginosa,130.0,318.0,Não,0.0,120.0,Sim,1.0,2.0,Não
47,37.0,Masculino,Assintomático,120.0,223.0,Não,0.0,168.0,Não,0.0,1.0,Não
48,50.0,Masculino,Angina atípica,140.0,216.0,Não,0.0,170.0,Não,0.0,1.0,Não
49,36.0,Masculino,Dor não anginosa,112.0,340.0,Não,0.0,184.0,Não,1.0,2.0,Não
50,41.0,Masculino,Assintomático,110.0,289.0,Não,0.0,170.0,Não,0.0,2.0,Sim
51,50.0,Masculino,Assintomático,130.0,233.0,Não,0.0,121.0,Sim,2.0,2.0,Sim
52,47.0,Feminino,Assintomático,120.0,205.0,Não,0.0,98.0,Sim,2.0,2.0,Sim
53,45.0,Masculino,Angina atípica,140.0,224.0,Sim,0.0,122.0,Não,0.0,1.0,Não
54,41.0,Feminino,Angina atípica,130.0,245.0,Não,0.0,150.0,Não,0.0,1.0,Não
55,52.0,Feminino,Assintomático,130.0,180.0,Não,0.0,140.0,Sim,1.5,2.0,Não
56,51.0,Feminino,Angina atípica,160.0,194.0,Não,0.0,170.0,Não,0.0,1.0,Não
57,31.0,Masculino,Assintomático,120.0,270.0,Não,0.0,153.0,Sim,1.5,2.0,Sim
58,58.0,Masculino,Dor não anginosa,130.0,213.0,Não,1.0,140.0,Não,0.0,2.0,Sim
59,54.0,Masculino,Assintomático,150.0,365.0,Não,1.0,134.0,Não,1.0,1.0,Não
60,52.0,Masculino,Assintomático,112.0,342.0,Não,1.0,96.0,Sim,1.0,2.0,Sim
61,49.0,Masculino,Angina atípica,100.0,253.0,Não,0.0,174.0,Não,0.0,1.0,Não
62,43.0,Feminino,Dor não anginosa,150.0,254.0,Não,0.0,175.0,Não,0.0,1.0,Não
63,45.0,Masculino,Assintomático,140.0,224.0,Não,0.0,144.0,Não,0.0,1.0,Não
64,46.0,Masculino,Assintomático,120.0,277.0,Não,0.0,125.0,Sim,1.0,2.0,Sim
65,50.0,Feminino,Angina atípica,110.0,202.0,Não,0.0,145.0,Não,0.0,1.0,Não
66,37.0,Feminino,Angina atípica,120.0,260.0,Não,0.0,130.0,Não,0.0,1.0,Não
67,45.0,Feminino,Assintomático,132.0,297.0,Não,0.0,144.0,Não,0.0,1.0,Não
68,32.0,Masculino,Angina atípica,110.0,225.0,Não,0.0,184.0,Não,0.0,1.0,Não
69,52.0,Masculino,Assintomático,160.0,246.0,Não,1.0,82.0,Sim,4.0,2.0,Sim
70,44.0,Masculino,Assintomático,150.0,412.0,Não,0.0,170.0,Não,0.0,1.0,Não
71,57.0,Masculino,Angina atípica,140.0,265.0,Não,1.0,145.0,Sim,1.0,2.0,Sim
72,44.0,Masculino,Angina atípica,130.0,215.0,Não,0.0,135.0,Não,0.0,1.0,Não
73,52.0,Masculino,Assintomático,120.0,182.0,Não,0.0,150.0,Não,0.0,2.0,Sim
74,44.0,Feminino,Assintomático,120.0,218.0,Não,1.0,115.0,Não,0.0,1.0,Não
75,55.0,Masculino,Assintomático,140.0,268.0,Não,0.0,128.0,Sim,1.5,2.0,Sim
76,46.0,Masculino,Dor não anginosa,150.0,163.0,Não,0.0,116.0,Não,0.0,1.0,Não
77,32.0,Masculino,Assintomático,118.0,529.0,Não,0.0,130.0,Não,0.0,2.0,Sim
78,35.0,Feminino,Assintomático,140.0,167.0,Não,0.0,150.0,Não,0.0,1.0,Não
79,52.0,Masculino,Angina atípica,140.0,100.0,Não,0.0,138.0,Sim,0.0,1.0,Não
80,49.0,Masculino,Assintomático,130.0,206.0,Não,0.0,170.0,Não,0.0,2.0,Sim
81,55.0,Masculino,Dor não anginosa,110.0,277.0,Não,0.0,160.0,Não,0.0,1.0,Não
82,54.0,Masculino,Angina atípica,120.0,238.0,Não,0.0,154.0,Não,0.0,1.0,Não
83,63.0,Masculino,Assintomático,150.0,223.0,Não,0.0,115.0,Não,0.0,2.0,Sim
84,52.0,Masculino,Angina atípica,160.0,196.0,Não,0.0,165.0,Não,0.0,1.0,Não
85,56.0,Masculino,Assintomático,150.0,213.0,Sim,0.0,125.0,Sim,1.0,2.0,Sim
86,66.0,Masculino,Assintomático,140.0,139.0,Não,0.0,94.0,Sim,1.0,2.0,Sim
87,65.0,Masculino,Assintomático,170.0,263.0,Sim,0.0,112.0,Sim,2.0,2.0,Sim
88,53.0,Feminino,Angina atípica,140.0,216.0,Não,0.0,142.0,Sim,2.0,2.0,Não
89,43.0,Masculino,Angina típica,120.0,291.0,Não,1.0,155.0,Não,0.0,2.0,Sim
90,55.0,Masculino,Assintomático,140.0,229.0,Não,0.0,110.0,Sim,0.5,2.0,Não
91,49.0,Feminino,Angina atípica,110.0,208.0,Não,0.0,160.0,Não,0.0,1.0,Não
92,39.0,Masculino,Assintomático,130.0,307.0,Não,0.0,140.0,Não,0.0,1.0,Não
93,52.0,Feminino,Angina atípica,120.0,210.0,Não,0.0,148.0,Não,0.0,1.0,Não
94,48.0,Masculino,Assintomático,160.0,329.0,Não,0.0,92.0,Sim,1.5,2.0,Sim
95,39.0,Feminino,Dor não anginosa,110.0,182.0,Não,1.0,180.0,Não,0.0,1.0,Não
96,58.0,Masculino,Assintomático,130.0,263.0,Não,0.0,140.0,Sim,2.0,2.0,Sim
97,43.0,Masculino,Angina atípica,142.0,207.0,Não,0.0,138.0,Não,0.0,1.0,Não
98,39.0,Masculino,Dor não anginosa,160.0,147.0,Sim,0.0,160.0,Não,0.0,1.0,Não
99,56.0,Masculino,Assintomático,120.0,85.0,Não,0.0,140.0,Não,0.0,1.0,Não
100,41.0,Masculino,Angina atípica,125.0,269.0,Não,0.0,144.0,Não,0.0,1.0,Não
101,65.0,Masculino,Assintomático,130.0,275.0,Não,1.0,115.0,Sim,1.0,2.0,Sim
102,51.0,Masculino,Assintomático,130.0,179.0,Não,0.0,100.0,Não,0.0,1.0,Não
103,40.0,Feminino,Assintomático,150.0,392.0,Não,0.0,130.0,Não,2.0,2.0,Sim
104,40.0,Masculino,Assintomático,120.0,466.0,Sim,0.0,152.0,Sim,1.0,2.0,Sim
105,46.0,Masculino,Assintomático,118.0,186.0,Não,0.0,124.0,Não,0.0,2.0,Sim
106,57.0,Masculino,Angina atípica,140.0,260.0,Sim,0.0,140.0,Não,0.0,1.0,Não
107,48.0,Feminino,Assintomático,120.0,254.0,Não,1.0,110.0,Não,0.0,1.0,Não
108,34.0,Masculino,Angina atípica,150.0,214.0,Não,1.0,168.0,Não,0.0,1.0,Não
109,50.0,Masculino,Assintomático,140.0,129.0,Não,0.0,135.0,Não,0.0,1.0,Não
110,39.0,Masculino,Angina atípica,190.0,241.0,Não,0.0,106.0,Não,0.0,1.0,Não
111,59.0,Feminino,Angina atípica,130.0,188.0,Não,0.0,124.0,Não,1.0,2.0,Não
112,57.0,Masculino,Assintomático,150.0,255.0,Não,0.0,92.0,Sim,3.0,2.0,Sim
113,47.0,Masculino,Assintomático,140.0,276.0,Sim,0.0,125.0,Sim,0.0,1.0,Não
114,38.0,Masculino,Angina atípica,140.0,297.0,Não,0.0,150.0,Não,0.0,1.0,Não
115,49.0,Feminino,Dor não anginosa,130.0,207.0,Não,1.0,135.0,Não,0.0,1.0,Não
116,33.0,Feminino,Assintomático,100.0,246.0,Não,0.0,150.0,Sim,1.0,2.0,Sim
117,38.0,Masculino,Assintomático,120.0,282.0,Não,0.0,170.0,Não,0.0,2.0,Sim
118,59.0,Feminino,Assintomático,130.0,338.0,Sim,1.0,130.0,Sim,1.5,2.0,Sim
119,35.0,Feminino,Angina típica,120.0,160.0,Não,1.0,185.0,Não,0.0,1.0,Não
120,34.0,Masculino,Angina típica,140.0,156.0,Não,0.0,180.0,Não,0.0,2.0,Sim
121,47.0,Feminino,Dor não anginosa,135.0,248.0,Sim,0.0,170.0,Não,0.0,2.0,Sim
122,52.0,Feminino,Dor não anginosa,125.0,272.0,Não,0.0,139.0,Não,0.0,1.0,Não
123,46.0,Masculino,Assintomático,110.0,240.0,Não,1.0,140.0,Não,0.0,1.0,Não
124,58.0,Feminino,Angina atípica,180.0,393.0,Não,0.0,110.0,Sim,1.0,2.0,Sim
125,58.0,Masculino,Angina atípica,130.0,230.0,Não,0.0,150.0,Não,0.0,1.0,Não
126,54.0,Masculino,Angina atípica,120.0,246.0,Não,0.0,110.0,Não,0.0,1.0,Não
127,34.0,Feminino,Angina atípica,130.0,161.0,Não,0.0,190.0,Não,0.0,1.0,Não
128,48.0,Feminino,Assintomático,108.0,163.0,Não,0.0,175.0,Não,2.0,1.0,Não
129,54.0,Feminino,Angina atípica,120.0,230.0,Sim,0.0,140.0,Não,0.0,1.0,Não
130,42.0,Masculino,Dor não anginosa,120.0,228.0,Não,0.0,152.0,Sim,1.5,2.0,Não
131,38.0,Masculino,Dor não anginosa,145.0,292.0,Não,0.0,130.0,Não,0.0,1.0,Não
132,46.0,Masculino,Assintomático,110.0,202.0,Não,0.0,150.0,Sim,0.0,2.0,Sim
133,56.0,Masculino,Assintomático,170.0,388.0,Não,1.0,122.0,Sim,2.0,2.0,Sim
134,56.0,Masculino,Assintomático,150.0,230.0,Não,1.0,124.0,Sim,1.5,2.0,Sim
135,61.0,Feminino,Assintomático,130.0,294.0,Não,1.0,120.0,Sim,1.0,2.0,Não
136,49.0,Masculino,Dor não anginosa,115.0,265.0,Não,0.0,175.0,Não,0.0,2.0,Sim
137,43.0,Feminino,Angina atípica,120.0,215.0,Não,1.0,175.0,Não,0.0,1.0,Não
138,39.0,Masculino,Angina atípica,120.0,241.0,Não,1.0,146.0,Não,2.0,1.0,Não
139,54.0,Masculino,Assintomático,140.0,166.0,Não,0.0,118.0,Sim,0.0,2.0,Sim
140,43.0,Masculino,Assintomático,150.0,247.0,Não,0.0,130.0,Sim,2.0,2.0,Sim
141,52.0,Masculino,Assintomático,160.0,331.0,Não,0.0,94.0,Sim,2.5,2.0,Sim
142,50.0,Masculino,Assintomático,140.0,341.0,Não,1.0,125.0,Sim,2.5,2.0,Sim
143,47.0,Masculino,Assintomático,160.0,291.0,Não,1.0,158.0,Sim,3.0,2.0,Sim
144,53.0,Masculino,Assintomático,140.0,243.0,Não,0.0,155.0,Não,0.0,1.0,Não
145,56.0,Feminino,Angina atípica,120.0,279.0,Não,0.0,150.0,Não,1.0,2.0,Sim
146,39.0,Masculino,Assintomático,110.0,273.0,Não,0.0,132.0,Não,0.0,1.0,Não
147,42.0,Masculino,Angina atípica,120.0,198.0,Não,0.0,155.0,Não,0.0,1.0,Não
148,43.0,Feminino,Angina atípica,120.0,249.0,Não,1.0,176.0,Não,0.0,1.0,Não
149,50.0,Masculino,Angina atípica,120.0,168.0,Não,0.0,160.0,Não,0.0,1.0,Não
150,54.0,Masculino,Assintomático,130.0,603.0,Sim,0.0,125.0,Sim,1.0,2.0,Sim
151,39.0,Masculino,Angina atípica,130.0,215.0,Não,0.0,120.0,Não,0.0,1.0,Não
152,48.0,Masculino,Angina atípica,100.0,159.0,Não,0.0,100.0,Não,0.0,1.0,Não
153,40.0,Masculino,Angina atípica,130.0,275.0,Não,0.0,150.0,Não,0.0,1.0,Não
154,55.0,Masculino,Assintomático,120.0,270.0,Não,0.0,140.0,Não,0.0,1.0,Não
155,41.0,Masculino,Angina atípica,120.0,291.0,Não,1.0,160.0,Não,0.0,1.0,Não
156,56.0,Masculino,Assintomático,155.0,342.0,Sim,0.0,150.0,Sim,3.0,2.0,Sim
157,38.0,Masculino,Assintomático,110.0,190.0,Não,0.0,150.0,Sim,1.0,2.0,Sim
158,49.0,Masculino,Assintomático,140.0,185.0,Não,0.0,130.0,Não,0.0,1.0,Não
159,44.0,Masculino,Assintomático,130.0,290.0,Não,0.0,100.0,Sim,2.0,2.0,Sim
160,54.0,Masculino,Angina atípica,160.0,195.0,Não,1.0,130.0,Não,1.0,1.0,Não
161,59.0,Masculino,Assintomático,140.0,264.0,Sim,2.0,119.0,Sim,0.0,2.0,Sim
162,49.0,Masculino,Assintomático,128.0,212.0,Não,0.0,96.0,Sim,0.0,2.0,Sim
163,47.0,Masculino,Angina atípica,160.0,263.0,Não,0.0,174.0,Não,0.0,1.0,Não
164,49.0,Feminino,Angina atípica,110.0,208.0,Não,0.0,160.0,Não,0.0,1.0,Não
165,42.0,Masculino,Angina atípica,120.0,196.0,Não,0.0,150.0,Não,0.0,1.0,Não
166,52.0,Feminino,Angina atípica,140.0,225.0,Não,0.0,140.0,Não,0.0,1.0,Não
167,46.0,Masculino,Angina típica,140.0,272.0,Sim,0.0,175.0,Não,2.0,2.0,Sim
168,50.0,Masculino,Assintomático,140.0,231.0,Não,1.0,140.0,Sim,5.0,2.0,Sim
169,48.0,Masculino,Angina atípica,140.0,238.0,Não,0.0,118.0,Não,0.0,1.0,Não
170,58.0,Masculino,Assintomático,135.0,222.0,Não,0.0,100.0,Não,0.0,1.0,Não
171,58.0,Masculino,Dor não anginosa,140.0,179.0,Não,0.0,160.0,Não,0.0,1.0,Não
172,29.0,Masculino,Angina atípica,120.0,243.0,Não,0.0,160.0,Não,0.0,1.0,Não
173,40.0,Masculino,Dor não anginosa,140.0,235.0,Não,0.0,188.0,Não,0.0,1.0,Não
174,53.0,Masculino,Angina atípica,140.0,320.0,Não,0.0,162.0,Não,0.0,1.0,Não
175,49.0,Masculino,Dor não anginosa,140.0,187.0,Não,0.0,172.0,Não,0.0,1.0,Não
176,52.0,Masculino,Assintomático,140.0,266.0,Não,0.0,134.0,Sim,2.0,2.0,Sim
177,43.0,Masculino,Assintomático,140.0,288.0,Não,0.0,135.0,Sim,2.0,2.0,Sim
178,54.0,Masculino,Assintomático,140.0,216.0,Não,0.0,105.0,Não,1.5,2.0,Sim
179,59.0,Masculino,Angina atípica,140.0,287.0,Não,0.0,150.0,Não,0.0,1.0,Não
180,37.0,Masculino,Dor não anginosa,130.0,194.0,Não,0.0,150.0,Não,0.0,1.0,Não
181,46.0,Feminino,Assintomático,130.0,238.0,Não,0.0,90.0,Não,0.0,1.0,Não
182,52.0,Masculino,Assintomático,130.0,225.0,Não,0.0,120.0,Sim,2.0,2.0,Sim
183,51.0,Masculino,Angina atípica,130.0,224.0,Não,0.0,150.0,Não,0.0,1.0,Não
184,52.0,Masculino,Assintomático,140.0,404.0,Não,0.0,124.0,Sim,2.0,2.0,Sim
185,46.0,Masculino,Assintomático,110.0,238.0,Não,1.0,140.0,Sim,1.0,2.0,Não
186,54.0,Feminino,Angina atípica,160.0,312.0,Não,0.0,130.0,Não,0.0,1.0,Não
187,58.0,Masculino,Dor não anginosa,160.0,211.0,Sim,1.0,92.0,Não,0.0,2.0,Sim
188,58.0,Masculino,Angina atípica,130.0,251.0,Não,0.0,110.0,Não,0.0,1.0,Não
189,41.0,Masculino,Assintomático,120.0,237.0,Sim,0.0,138.0,Sim,1.0,2.0,Sim
190,50.0,Feminino,Assintomático,120.0,328.0,Não,0.0,110.0,Sim,1.0,2.0,Não
191,53.0,Masculino,Assintomático,180.0,285.0,Não,1.0,120.0,Sim,1.5,2.0,Sim
192,46.0,Masculino,Assintomático,180.0,280.0,Não,1.0,120.0,Não,0.0,1.0,Não
193,50.0,Masculino,Angina atípica,170.0,209.0,Não,1.0,116.0,Não,0.0,1.0,Não
194,48.0,Masculino,Angina atípica,130.0,245.0,Não,0.0,160.0,Não,0.0,1.0,Não
195,45.0,Masculino,Dor não anginosa,135.0,192.0,Não,0.0,110.0,Não,0.0,1.0,Não
196,41.0,Feminino,Angina atípica,125.0,184.0,Não,0.0,180.0,Não,0.0,1.0,Não
197,62.0,Feminino,Angina típica,160.0,193.0,Não,0.0,116.0,Não,0.0,1.0,Não
198,49.0,Masculino,Assintomático,120.0,297.0,Não,0.0,132.0,Não,1.0,2.0,Não
199,42.0,Masculino,Angina atípica,150.0,268.0,Não,0.0,136.0,Não,0.0,1.0,Não
200,53.0,Masculino,Assintomático,120.0,246.0,Não,0.0,116.0,Sim,0.0,2.0,Sim
201,57.0,Feminino,Angina típica,130.0,308.0,Não,0.0,98.0,Não,1.0,2.0,Não
202,47.0,Masculino,Angina típica,110.0,249.0,Não,0.0,150.0,Não,0.0,1.0,Não
203,46.0,Masculino,Dor não anginosa,120.0,230.0,Não,0.0,150.0,Não,0.0,1.0,Não
204,42.0,Masculino,Dor não anginosa,160.0,147.0,Não,0.0,146.0,Não,0.0,1.0,Não
205,31.0,Feminino,Angina atípica,100.0,219.0,Não,1.0,150.0,Não,0.0,1.0,Não
206,56.0,Masculino,Angina atípica,130.0,184.0,Não,0.0,100.0,Não,0.0,1.0,Não
207,50.0,Masculino,Assintomático,150.0,215.0,Não,0.0,140.0,Sim,0.0,1.0,Não
208,35.0,Masculino,Angina atípica,120.0,308.0,Não,2.0,180.0,Não,0.0,1.0,Não
209,35.0,Masculino,Angina atípica,110.0,257.0,Não,0.0,140.0,Não,0.0,2.0,Sim
210,28.0,Masculino,Angina atípica,130.0,132.0,Não,2.0,185.0,Não,0.0,1.0,Não
211,54.0,Masculino,Assintomático,125.0,216.0,Não,0.0,140.0,Não,0.0,2.0,Sim
212,48.0,Masculino,Assintomático,106.0,263.0,Sim,0.0,110.0,Não,0.0,2.0,Sim
213,50.0,Feminino,Dor não anginosa,140.0,288.0,Não,0.0,140.0,Sim,0.0,2.0,Sim
214,56.0,Masculino,Dor não anginosa,130.0,276.0,Não,0.0,128.0,Sim,1.0,1.0,Não
215,56.0,Feminino,Dor não anginosa,130.0,219.0,Não,1.0,164.0,Não,0.0,1.0,Não
216,47.0,Masculino,Assintomático,150.0,226.0,Não,0.0,98.0,Sim,1.5,2.0,Sim
217,30.0,Feminino,Angina típica,170.0,237.0,Não,1.0,170.0,Não,0.0,1.0,Não
218,39.0,Masculino,Assintomático,110.0,280.0,Não,0.0,150.0,Não,0.0,2.0,Sim
219,54.0,Masculino,Dor não anginosa,120.0,217.0,Não,0.0,137.0,Não,0.0,1.0,Não
220,55.0,Masculino,Angina atípica,140.0,196.0,Não,0.0,150.0,Não,0.0,1.0,Não
221,29.0,Masculino,Angina atípica,140.0,263.0,Não,0.0,170.0,Não,0.0,1.0,Não
222,46.0,Masculino,Assintomático,130.0,222.0,Não,0.0,112.0,Não,0.0,2.0,Sim
223,51.0,Feminino,Assintomático,160.0,303.0,Não,0.0,150.0,Sim,1.0,2.0,Sim
224,48.0,Feminino,Dor não anginosa,120.0,195.0,Não,0.0,125.0,Não,0.0,1.0,Não
225,33.0,Masculino,Dor não anginosa,120.0,298.0,Não,0.0,185.0,Não,0.0,1.0,Não
226,55.0,Masculino,Angina atípica,120.0,256.0,Sim,0.0,137.0,Não,0.0,1.0,Não
227,50.0,Masculino,Assintomático,145.0,264.0,Não,0.0,150.0,Não,0.0,2.0,Sim
228,53.0,Masculino,Dor não anginosa,120.0,195.0,Não,0.0,140.0,Não,0.0,1.0,Não
229,38.0,Masculino,Assintomático,92.0,117.0,Não,0.0,134.0,Sim,2.5,2.0,Sim
230,41.0,Masculino,Angina atípica,120.0,295.0,Não,0.0,170.0,Não,0.0,1.0,Não
231,37.0,Feminino,Assintomático,130.0,173.0,Não,1.0,184.0,Não,0.0,1.0,Não
232,37.0,Masculino,Assintomático,130.0,315.0,Não,0.0,158.0,Não,0.0,1.0,Não
233,40.0,Masculino,Dor não anginosa,130.0,281.0,Não,0.0,167.0,Não,0.0,1.0,Não
234,38.0,Feminino,Angina atípica,120.0,275.0,Não,0.0,129.0,Não,0.0,1.0,Não
235,41.0,Masculino,Assintomático,112.0,250.0,Não,0.0,142.0,Não,0.0,1.0,Não
236,54.0,Feminino,Angina atípica,140.0,309.0,Não,1.0,140.0,Não,0.0,1.0,Não
237,39.0,Masculino,Angina atípica,120.0,200.0,Não,0.0,160.0,Sim,1.0,2.0,Não
238,41.0,Masculino,Assintomático,120.0,336.0,Não,0.0,118.0,Sim,3.0,2.0,Sim
239,55.0,Masculino,Angina típica,140.0,295.0,Não,0.0,136.0,Não,0.0,2.0,Sim
240,48.0,Masculino,Assintomático,160.0,355.0,Não,0.0,99.0,Sim,2.0,2.0,Sim
241,48.0,Masculino,Assintomático,160.0,193.0,Não,0.0,102.0,Sim,3.0,2.0,Sim
242,55.0,Masculino,Angina atípica,145.0,326.0,Não,0.0,155.0,Não,0.0,1.0,Não
243,54.0,Masculino,Assintomático,200.0,198.0,Não,0.0,142.0,Sim,2.0,2.0,Sim
244,55.0,Masculino,Angina atípica,160.0,292.0,Sim,0.0,143.0,Sim,2.0,2.0,Sim
245,43.0,Feminino,Angina atípica,120.0,266.0,Não,0.0,118.0,Não,0.0,1.0,Não
246,48.0,Masculino,Assintomático,160.0,268.0,Não,0.0,103.0,Sim,1.0,2.0,Sim
247,54.0,Masculino,Angina típica,120.0,171.0,Não,0.0,137.0,Não,2.0,1.0,Não
248,54.0,Masculino,Dor não anginosa,120.0,237.0,Não,0.0,150.0,Sim,1.5,2.0,Sim
249,48.0,Masculino,Assintomático,122.0,275.0,Sim,1.0,150.0,Sim,2.0,3.0,Sim
250,45.0,Masculino,Assintomático,130.0,219.0,Não,1.0,130.0,Sim,1.0,2.0,Sim
251,49.0,Masculino,Assintomático,130.0,341.0,Não,0.0,120.0,Sim,1.0,2.0,Sim
252,44.0,Masculino,Assintomático,135.0,491.0,Não,0.0,135.0,Não,0.0,2.0,Sim
253,48.0,Masculino,Assintomático,120.0,260.0,Não,0.0,115.0,Não,2.0,2.0,Sim
254,61.0,Masculino,Assintomático,125.0,292.0,Não,1.0,115.0,Sim,0.0,1.0,Não
255,62.0,Masculino,Angina atípica,140.0,271.0,Não,0.0,152.0,Não,1.0,1.0,Não
256,55.0,Masculino,Assintomático,145.0,248.0,Não,0.0,96.0,Sim,2.0,2.0,Sim
257,53.0,Feminino,Dor não anginosa,120.0,274.0,Não,0.0,130.0,Não,0.0,1.0,Não
258,55.0,Feminino,Angina atípica,130.0,394.0,Não,2.0,150.0,Não,0.0,1.0,Não
259,36.0,Masculino,Dor não anginosa,150.0,160.0,Não,0.0,172.0,Não,0.0,1.0,Não
260,51.0,Feminino,Dor não anginosa,150.0,200.0,Não,0.0,120.0,Não,0.5,1.0,Não
261,55.0,Feminino,Angina atípica,122.0,320.0,Não,0.0,155.0,Não,0.0,1.0,Não
262,46.0,Masculino,Angina atípica,140.0,275.0,Não,0.0,165.0,Sim,0.0,1.0,Não
263,54.0,Feminino,Angina atípica,120.0,221.0,Não,0.0,138.0,Não,1.0,1.0,Não
264,46.0,Masculino,Assintomático,120.0,231.0,Não,0.0,115.0,Sim,0.0,2.0,Sim
265,59.0,Masculino,Assintomático,130.0,126.0,Não,0.0,125.0,Não,0.0,2.0,Sim
266,47.0,Masculino,Dor não anginosa,140.0,193.0,Não,0.0,145.0,Sim,1.0,2.0,Sim
267,54.0,Masculino,Angina atípica,160.0,305.0,Não,0.0,175.0,Não,0.0,1.0,Não
268,52.0,Masculino,Assintomático,130.0,298.0,Não,0.0,110.0,Sim,1.0,2.0,Sim
269,34.0,Masculino,Angina atípica,98.0,220.0,Não,0.0,150.0,Não,0.0,1.0,Não
270,54.0,Masculino,Assintomático,130.0,242.0,Não,0.0,91.0,Sim,1.0,2.0,Sim
271,47.0,Feminino,Dor não anginosa,130.0,235.0,Não,0.0,145.0,Não,2.0,2.0,Não
272,45.0,Masculino,Assintomático,120.0,225.0,Não,0.0,140.0,Não,0.0,1.0,Não
273,32.0,Feminino,Angina atípica,105.0,198.0,Não,0.0,165.0,Não,0.0,1.0,Não
274,55.0,Masculino,Assintomático,140.0,201.0,Não,0.0,130.0,Sim,3.0,2.0,Sim
275,55.0,Masculino,Dor não anginosa,120.0,220.0,Não,2.0,134.0,Não,0.0,1.0,Não
276,45.0,Feminino,Angina atípica,180.0,295.0,Não,0.0,180.0,Não,0.0,1.0,Não
277,59.0,Masculino,Dor não anginosa,180.0,213.0,Não,0.0,100.0,Não,0.0,1.0,Não
278,51.0,Masculino,Dor não anginosa,135.0,160.0,Não,0.0,150.0,Não,2.0,2.0,Sim
279,52.0,Masculino,Assintomático,170.0,223.0,Não,0.0,126.0,Sim,1.5,2.0,Sim
280,57.0,Feminino,Assintomático,180.0,347.0,Não,1.0,126.0,Sim,0.8,2.0,Não
281,54.0,Feminino,Angina atípica,130.0,253.0,Não,1.0,155.0,Não,0.0,1.0,Não
282,60.0,Masculino,Dor não anginosa,120.0,246.0,Não,2.0,135.0,Não,0.0,1.0,Não
283,49.0,Masculino,Assintomático,150.0,222.0,Não,0.0,122.0,Não,2.0,2.0,Sim
284,51.0,Feminino,Dor não anginosa,130.0,220.0,Não,0.0,160.0,Sim,2.0,1.0,Não
285,55.0,Feminino,Angina atípica,110.0,344.0,Não,1.0,160.0,Não,0.0,1.0,Não
286,42.0,Masculino,Assintomático,140.0,358.0,Não,0.0,170.0,Não,0.0,1.0,Não
287,51.0,Feminino,Dor não anginosa,110.0,190.0,Não,0.0,120.0,Não,0.0,1.0,Não
288,59.0,Masculino,Assintomático,140.0,169.0,Não,0.0,140.0,Não,0.0,1.0,Não
289,53.0,Masculino,Angina atípica,120.0,181.0,Não,0.0,132.0,Não,0.0,1.0,Não
290,48.0,Feminino,Angina atípica,133.0,308.0,Não,1.0,156.0,Não,2.0,1.0,Não
291,36.0,Masculino,Angina atípica,120.0,166.0,Não,0.0,180.0,Não,0.0,1.0,Não
292,48.0,Masculino,Dor não anginosa,110.0,211.0,Não,0.0,138.0,Não,0.0,1.0,Não
293,47.0,Feminino,Angina atípica,140.0,257.0,Não,0.0,135.0,Não,1.0,1.0,Não
294,53.0,Masculino,Assintomático,130.0,182.0,Não,0.0,148.0,Não,0.0,1.0,Não
295,65.0,Masculino,Assintomático,115.0,0.0,Não,0.0,93.0,Sim,0.0,2.0,Sim
296,32.0,Masculino,Angina típica,95.0,0.0,Sim,0.0,127.0,Não,0.7,1.0,Sim
297,61.0,Masculino,Assintomático,105.0,0.0,Sim,0.0,110.0,Sim,1.5,1.0,Sim
298,50.0,Masculino,Assintomático,145.0,0.0,Sim,0.0,139.0,Sim,0.7,2.0,Sim
299,57.0,Masculino,Assintomático,110.0,0.0,Sim,1.0,131.0,Sim,1.4,1.0,Sim
300,51.0,Masculino,Assintomático,110.0,0.0,Sim,0.0,92.0,Não,0.0,2.0,Sim
